<?xml version="1.0" encoding="utf-8"?>
<!--/235371/1862615/2.50/6/3/Connector/-->
<quadcept_library>
  <setting unit="mil" />
  <textstyle name="Default" height="47.244094488189" strokewidth="7.8740157480315" charwidth="47.244094488189" />
  <textstyle name="Dimension" height="19.6850393700787" strokewidth="0" charwidth="19.6850393700787" />
  <textstyle name="H127W0635TH00762" height="50" strokewidth="3" charwidth="25" />
  <textstyle name="H15W15TH02" height="59.0551181102362" strokewidth="7.8740157480315" charwidth="59.0551181102362" />
  <padstyle name="r200_120" surface="True" plated="False" isvia="False" nopaste="False" nomask="True" complex="False" holesize="0">
    <padshape layer="TOP" shape="rectangle" width="47.244094488188" height="78.740157480314" />
    <padshape layer="TOP_SOLDER_MASK" shape="rectangle" width="55.11811023622" height="86.614173228345" />
    <padshape layer="TOP_SOLDER_PASTE" shape="rectangle" width="47.244094488188" height="78.740157480314" />
  </padstyle>
  <padstyle name="c390_h260" surface="False" plated="True" isvia="False" nopaste="True" nomask="True" complex="False" holesize="102.36220472441">
    <padshape layer="TOP" shape="round" width="153.54330708661" height="153.54330708661" />
    <padshape layer="TOP_SOLDER_MASK" shape="round" width="161.41732283464" height="161.41732283464" />
    <padshape layer="INNER" shape="round" width="153.54330708661" height="153.54330708661" />
    <padshape layer="BOTTOM" shape="round" width="153.54330708661" height="153.54330708661" />
    <padshape layer="BOTTOM_SOLDER_MASK" shape="round" width="161.41732283464" height="161.41732283464" />
  </padstyle>
  <padstyle name="c55_h110" surface="False" plated="True" isvia="False" nopaste="True" nomask="True" complex="False" holesize="43.307086614173">
    <padshape layer="TOP" shape="round" width="21.653543307086" height="21.653543307086" />
    <padshape layer="TOP_SOLDER_MASK" shape="round" width="29.527559055118" height="29.527559055118" />
    <padshape layer="INNER" shape="round" width="21.653543307086" height="21.653543307086" />
    <padshape layer="BOTTOM" shape="round" width="21.653543307086" height="21.653543307086" />
    <padshape layer="BOTTOM_SOLDER_MASK" shape="round" width="29.527559055118" height="29.527559055118" />
  </padstyle>
  <footprint name="480372200" originx="0" originy="0" pickpointx="0" pickpointy="0">
    <pcbpin number="1" name="1" style="r200_120" originx="137.79527559055" originy="400.5905511811" rotation="0" />
    <pcbpin number="2" name="2" style="r200_120" originx="39.370078740157" originy="400.5905511811" rotation="0" />
    <pcbpin number="3" name="3" style="r200_120" originx="-39.370078740157" originy="400.5905511811" rotation="0" />
    <pcbpin number="4" name="4" style="r200_120" originx="-137.79527559055" originy="400.5905511811" rotation="0" />
    <pcbpin number="5" name="MH1" style="c390_h260" originx="230.31496062992" originy="298.22834645669" rotation="90" />
    <pcbpin number="6" name="MH2" style="c390_h260" originx="-230.31496062992" originy="298.22834645669" rotation="90" />
    <pcbpin number="7" name="MH3" style="c55_h110" originx="88.582677165353" originy="298.22834645669" rotation="90" />
    <pcbpin number="8" name="MH4" style="c55_h110" originx="-88.582677165353" originy="298.22834645669" rotation="90" />
    <line layer="TOP_ASSEMBLY" originx="-236.22047244094" originy="337.59842519685" endx="236.22047244094" endy="337.59842519685" width="3.9370078740157" />
    <line layer="TOP_ASSEMBLY" originx="236.22047244094" originy="337.59842519685" endx="236.22047244094" endy="-400.5905511811" width="3.9370078740157" />
    <line layer="TOP_ASSEMBLY" originx="236.22047244094" originy="-400.5905511811" endx="-236.22047244094" endy="-400.5905511811" width="3.9370078740157" />
    <line layer="TOP_ASSEMBLY" originx="-236.22047244094" originy="-400.5905511811" endx="-236.22047244094" endy="337.59842519685" width="3.9370078740157" />
    <line layer="TOP_PLACE_BOUND" originx="-346.45669291338" originy="479.33070866141" endx="346.45669291338" endy="479.33070866141" width="3.9370078740157" />
    <line layer="TOP_PLACE_BOUND" originx="346.45669291338" originy="479.33070866141" endx="346.45669291338" endy="-439.96062992125" width="3.9370078740157" />
    <line layer="TOP_PLACE_BOUND" originx="346.45669291338" originy="-439.96062992125" endx="-346.45669291338" endy="-439.96062992125" width="3.9370078740157" />
    <line layer="TOP_PLACE_BOUND" originx="-346.45669291338" originy="-439.96062992125" endx="-346.45669291338" endy="479.33070866141" width="3.9370078740157" />
    <line layer="TOP_SILKSCREEN" originx="-236.22047244094" originy="198.22834645669" endx="-236.22047244094" endy="-400.5905511811" width="7.8740157480314" />
    <line layer="TOP_SILKSCREEN" originx="-236.22047244094" originy="-400.5905511811" endx="236.22047244094" endy="-400.5905511811" width="7.8740157480314" />
    <line layer="TOP_SILKSCREEN" originx="236.22047244094" originy="-400.5905511811" endx="236.22047244094" endy="198.22834645669" width="7.8740157480314" />
    <line layer="TOP_SILKSCREEN" originx="137.79527559055" originy="456.69291338582" endx="137.79527559055" endy="456.69291338582" width="3.9370078740157" />
    <arc layer="TOP_SILKSCREEN" originx="137.79527559055" originy="458.66141732283" startangle="-90.0" sweepangle="180.0" radius="1.9685039370078" width="3.9370078740157" />
    <line layer="TOP_SILKSCREEN" originx="137.79527559055" originy="460.62992125984" endx="137.79527559055" endy="460.62992125984" width="3.9370078740157" />
    <arc layer="TOP_SILKSCREEN" originx="137.79527559055" originy="458.66141732283" startangle="90.0" sweepangle="180.0" radius="1.9685039370078" width="3.9370078740157" />
  </footprint>
  <symbol name="48037-2200" originx="0" originy="0">
    <line originx="200" originy="100" endx="700" endy="100" width="0" />
    <line originx="700" originy="-400" endx="700" endy="100" width="0" />
    <line originx="700" originy="-400" endx="200" endy="-400" width="0" />
    <line originx="200" originy="100" endx="200" endy="-400" width="0" />
    <sympin number="1" originx="700" originy="-300" rotation="0" length="100" width="7.8740157480315" flipped="False">
      <text name="pinname" originx="670" originy="-300" style="Default" rotation="0" justify="right" flipped="False" hidden="False" data="1" />
      <text name="pindes" originx="760" originy="-280" style="Default" rotation="0" justify="lowerleft" flipped="False" hidden="False" data="1" />
    </sympin>
    <sympin number="2" originx="700" originy="-200" rotation="0" length="100" width="7.8740157480315" flipped="False">
      <text name="pinname" originx="670" originy="-200" style="Default" rotation="0" justify="right" flipped="False" hidden="False" data="2" />
      <text name="pindes" originx="760" originy="-180" style="Default" rotation="0" justify="lowerleft" flipped="False" hidden="False" data="2" />
    </sympin>
    <sympin number="3" originx="700" originy="-100" rotation="0" length="100" width="7.8740157480315" flipped="False">
      <text name="pinname" originx="670" originy="-100" style="Default" rotation="0" justify="right" flipped="False" hidden="False" data="3" />
      <text name="pindes" originx="760" originy="-80" style="Default" rotation="0" justify="lowerleft" flipped="False" hidden="False" data="3" />
    </sympin>
    <sympin number="4" originx="700" originy="0" rotation="0" length="100" width="7.8740157480315" flipped="False">
      <text name="pinname" originx="670" originy="0" style="Default" rotation="0" justify="right" flipped="False" hidden="False" data="4" />
      <text name="pindes" originx="760" originy="20" style="Default" rotation="0" justify="lowerleft" flipped="False" hidden="False" data="4" />
    </sympin>
    <sympin number="5" originx="200" originy="-100" rotation="180" length="100" width="7.8740157480315" flipped="False">
      <text name="pinname" originx="230" originy="-100" style="Default" rotation="0" justify="left" flipped="False" hidden="False" data="MH1" />
      <text name="pindes" originx="140" originy="-80" style="Default" rotation="0" justify="lowerright" flipped="False" hidden="False" data="MH1" />
    </sympin>
    <sympin number="6" originx="200" originy="0" rotation="180" length="100" width="7.8740157480315" flipped="False">
      <text name="pinname" originx="230" originy="0" style="Default" rotation="0" justify="left" flipped="False" hidden="False" data="MH2" />
      <text name="pindes" originx="140" originy="20" style="Default" rotation="0" justify="lowerright" flipped="False" hidden="False" data="MH2" />
    </sympin>
  </symbol>
  <component name="48037-2200" designatorprefix="J" height="181.10236220472" footprint="480372200">
    <comppin designator="1" sympin="1" pinswap="0" gateswap="0" gate="1" group="1" side="" type="Any" name="1" />
    <comppin designator="2" sympin="2" pinswap="0" gateswap="0" gate="1" group="1" side="" type="Any" name="2" />
    <comppin designator="3" sympin="3" pinswap="0" gateswap="0" gate="1" group="1" side="" type="Any" name="3" />
    <comppin designator="4" sympin="4" pinswap="0" gateswap="0" gate="1" group="1" side="" type="Any" name="4" />
    <comppin designator="MH1" sympin="5" pinswap="0" gateswap="0" gate="1" group="1" side="" type="Any" name="MH1" />
    <comppin designator="MH2" sympin="6" pinswap="0" gateswap="0" gate="1" group="1" side="" type="Any" name="MH2" />
    <attached_symbol gate="1" name="48037-2200" />
    <pinmap designator="1" footprintpin="1" />
    <pinmap designator="2" footprintpin="2" />
    <pinmap designator="3" footprintpin="3" />
    <pinmap designator="4" footprintpin="4" />
    <pinmap designator="MH1" footprintpin="5" />
    <pinmap designator="MH2" footprintpin="6" />
    <text name="Datasheet" originx="0" originy="0" style="Default" rotation="0" justify="" flipped="False" hidden="True" data="https://tools.molex.com/pdm_docs/sd/480372200_sd.pdf" />
    <text name="Description" originx="0" originy="0" style="Default" rotation="0" justify="" flipped="False" hidden="True" data="Universal Serial Bus (USB) Shielded I/O Plug, Type A, Right-Angle, Surface Mount, Straight Tab 3.80mm, 0.76m Gold (Au) Plating, PCB Thickness 1.60mm, Tape on Reel Package, Lead-Free" />
    <text name="Manufacturer_Name" originx="0" originy="0" style="Default" rotation="0" justify="" flipped="False" hidden="True" data="Molex" />
    <text name="Manufacturer_Part_Number" originx="750" originy="200" style="Default" rotation="0" justify="left" flipped="False" hidden="False" data="48037-2200" />
    <text name="Mouser Part Number" originx="0" originy="0" style="Default" rotation="0" justify="" flipped="False" hidden="True" data="538-48037-2200" />
    <text name="Mouser Price/Stock" originx="0" originy="0" style="Default" rotation="0" justify="" flipped="False" hidden="True" data="https://www.mouser.co.uk/ProductDetail/Molex/48037-2200?qs=naUSJSqnqcIBwHMiwQ2VeA%3D%3D" />
    <text name="Arrow Part Number" originx="0" originy="0" style="Default" rotation="0" justify="" flipped="False" hidden="True" data="" />
    <text name="Arrow Price/Stock" originx="0" originy="0" style="Default" rotation="0" justify="" flipped="False" hidden="True" data="" />
  </component>
</quadcept_library>
