<?xml version="1.0" encoding="utf-8"?>
<!--/13547461/1862615/2.50/6/3/Connector/-->
<quadcept_library>
  <setting unit="mil" />
  <textstyle name="Default" height="47.244094488189" strokewidth="7.8740157480315" charwidth="47.244094488189" />
  <textstyle name="Dimension" height="19.6850393700787" strokewidth="0" charwidth="19.6850393700787" />
  <textstyle name="H127W0635TH00762" height="50" strokewidth="3" charwidth="25" />
  <textstyle name="H15W15TH02" height="59.0551181102362" strokewidth="7.8740157480315" charwidth="59.0551181102362" />
  <padstyle name="c143.1_h92" surface="False" plated="True" isvia="False" nopaste="True" nomask="True" complex="False" holesize="36.220472440944">
    <padshape layer="TOP" shape="round" width="56.338582677165" height="56.338582677165" />
    <padshape layer="TOP_SOLDER_MASK" shape="round" width="64.212598425196" height="64.212598425196" />
    <padshape layer="INNER" shape="round" width="56.338582677165" height="56.338582677165" />
    <padshape layer="BOTTOM" shape="round" width="56.338582677165" height="56.338582677165" />
    <padshape layer="BOTTOM_SOLDER_MASK" shape="round" width="64.212598425196" height="64.212598425196" />
  </padstyle>
  <padstyle name="s143.1_h92" surface="False" plated="True" isvia="False" nopaste="True" nomask="True" complex="False" holesize="36.220472440944">
    <padshape layer="TOP" shape="square" width="56.338582677165" height="56.338582677165" />
    <padshape layer="TOP_SOLDER_MASK" shape="square" width="64.212598425196" height="64.212598425196" />
    <padshape layer="INNER" shape="square" width="56.338582677165" height="56.338582677165" />
    <padshape layer="BOTTOM" shape="square" width="56.338582677165" height="56.338582677165" />
    <padshape layer="BOTTOM_SOLDER_MASK" shape="square" width="64.212598425196" height="64.212598425196" />
  </padstyle>
  <padstyle name="c256.5_h171" surface="False" plated="True" isvia="False" nopaste="True" nomask="True" complex="False" holesize="67.322834645668">
    <padshape layer="TOP" shape="round" width="100.9842519685" height="100.9842519685" />
    <padshape layer="TOP_SOLDER_MASK" shape="round" width="108.85826771653" height="108.85826771653" />
    <padshape layer="INNER" shape="round" width="100.9842519685" height="100.9842519685" />
    <padshape layer="BOTTOM" shape="round" width="100.9842519685" height="100.9842519685" />
    <padshape layer="BOTTOM_SOLDER_MASK" shape="round" width="108.85826771653" height="108.85826771653" />
  </padstyle>
  <footprint name="USB1125GFB" originx="0" originy="0" pickpointx="0" pickpointy="0">
    <pcbpin number="1" name="1" style="s143.1_h92" originx="0" originy="0" rotation="90" />
    <pcbpin number="2" name="2" style="c143.1_h92" originx="-98.425196850392" originy="0" rotation="90" />
    <pcbpin number="3" name="3" style="c143.1_h92" originx="-177.16535433071" originy="0" rotation="90" />
    <pcbpin number="4" name="4" style="c143.1_h92" originx="-275.5905511811" originy="0" rotation="90" />
    <pcbpin number="5" name="5" style="c256.5_h171" originx="-389.76377952755" originy="-47.244094488188" rotation="90" />
    <pcbpin number="6" name="6" style="c256.5_h171" originx="114.17322834646" originy="-47.244094488188" rotation="90" />
    <line layer="TOP_ASSEMBLY" originx="-395.66929133858" originy="9.8425196850392" endx="120.07874015748" endy="9.8425196850392" width="3.9370078740157" />
    <line layer="TOP_ASSEMBLY" originx="120.07874015748" originy="9.8425196850392" endx="120.07874015748" endy="-383.85826771653" width="3.9370078740157" />
    <line layer="TOP_ASSEMBLY" originx="120.07874015748" originy="-383.85826771653" endx="-395.66929133858" endy="-383.85826771653" width="3.9370078740157" />
    <line layer="TOP_ASSEMBLY" originx="-395.66929133858" originy="-383.85826771653" endx="-395.66929133858" endy="9.8425196850392" width="3.9370078740157" />
    <line layer="TOP_PLACE_BOUND" originx="-479.64566929133" originy="67.559055118109" endx="204.05511811023" endy="67.559055118109" width="3.9370078740157" />
    <line layer="TOP_PLACE_BOUND" originx="204.05511811023" originy="67.559055118109" endx="204.05511811023" endy="-423.22834645669" width="3.9370078740157" />
    <line layer="TOP_PLACE_BOUND" originx="204.05511811023" originy="-423.22834645669" endx="-479.64566929133" endy="-423.22834645669" width="3.9370078740157" />
    <line layer="TOP_PLACE_BOUND" originx="-479.64566929133" originy="-423.22834645669" endx="-479.64566929133" endy="67.559055118109" width="3.9370078740157" />
    <line layer="TOP_SILKSCREEN" originx="0" originy="47.244094488188" endx="0" endy="47.244094488188" width="3.9370078740157" />
    <arc layer="TOP_SILKSCREEN" originx="1.6391087961985E-15" originy="49.212598425196" startangle="-90.0" sweepangle="180.0" radius="1.9685039370079" width="3.9370078740157" />
    <line layer="TOP_SILKSCREEN" originx="0" originy="51.181102362204" endx="0" endy="51.181102362204" width="3.9370078740157" />
    <arc layer="TOP_SILKSCREEN" originx="1.6391087961985E-15" originy="49.212598425196" startangle="90.0" sweepangle="180.0" radius="1.9685039370079" width="3.9370078740157" />
    <line layer="TOP_SILKSCREEN" originx="-395.66929133858" originy="-118.11023622047" endx="-395.66929133858" endy="-383.85826771653" width="7.8740157480314" />
    <line layer="TOP_SILKSCREEN" originx="-395.66929133858" originy="-383.85826771653" endx="120.07874015748" endy="-383.85826771653" width="7.8740157480314" />
    <line layer="TOP_SILKSCREEN" originx="120.07874015748" originy="-383.85826771653" endx="120.07874015748" endy="-118.11023622047" width="7.8740157480314" />
  </footprint>
  <symbol name="USB1125-GF-B" originx="0" originy="0">
    <line originx="200" originy="100" endx="700" endy="100" width="0" />
    <line originx="700" originy="-400" endx="700" endy="100" width="0" />
    <line originx="700" originy="-400" endx="200" endy="-400" width="0" />
    <line originx="200" originy="100" endx="200" endy="-400" width="0" />
    <sympin number="1" originx="700" originy="-300" rotation="0" length="100" width="7.8740157480315" flipped="False">
      <text name="pinname" originx="670" originy="-300" style="Default" rotation="0" justify="right" flipped="False" hidden="False" data="1" />
      <text name="pindes" originx="760" originy="-280" style="Default" rotation="0" justify="lowerleft" flipped="False" hidden="False" data="1" />
    </sympin>
    <sympin number="2" originx="700" originy="-200" rotation="0" length="100" width="7.8740157480315" flipped="False">
      <text name="pinname" originx="670" originy="-200" style="Default" rotation="0" justify="right" flipped="False" hidden="False" data="2" />
      <text name="pindes" originx="760" originy="-180" style="Default" rotation="0" justify="lowerleft" flipped="False" hidden="False" data="2" />
    </sympin>
    <sympin number="3" originx="700" originy="-100" rotation="0" length="100" width="7.8740157480315" flipped="False">
      <text name="pinname" originx="670" originy="-100" style="Default" rotation="0" justify="right" flipped="False" hidden="False" data="3" />
      <text name="pindes" originx="760" originy="-80" style="Default" rotation="0" justify="lowerleft" flipped="False" hidden="False" data="3" />
    </sympin>
    <sympin number="4" originx="700" originy="0" rotation="0" length="100" width="7.8740157480315" flipped="False">
      <text name="pinname" originx="670" originy="0" style="Default" rotation="0" justify="right" flipped="False" hidden="False" data="4" />
      <text name="pindes" originx="760" originy="20" style="Default" rotation="0" justify="lowerleft" flipped="False" hidden="False" data="4" />
    </sympin>
    <sympin number="5" originx="200" originy="0" rotation="180" length="100" width="7.8740157480315" flipped="False">
      <text name="pinname" originx="230" originy="0" style="Default" rotation="0" justify="left" flipped="False" hidden="False" data="MH1" />
      <text name="pindes" originx="140" originy="20" style="Default" rotation="0" justify="lowerright" flipped="False" hidden="False" data="5" />
    </sympin>
    <sympin number="6" originx="200" originy="-100" rotation="180" length="100" width="7.8740157480315" flipped="False">
      <text name="pinname" originx="230" originy="-100" style="Default" rotation="0" justify="left" flipped="False" hidden="False" data="MH2" />
      <text name="pindes" originx="140" originy="-80" style="Default" rotation="0" justify="lowerright" flipped="False" hidden="False" data="6" />
    </sympin>
  </symbol>
  <component name="USB1125-GF-B" designatorprefix="J" height="261.02362204724" footprint="USB1125GFB">
    <comppin designator="1" sympin="1" pinswap="0" gateswap="0" gate="1" group="1" side="" type="Any" name="1" />
    <comppin designator="2" sympin="2" pinswap="0" gateswap="0" gate="1" group="1" side="" type="Any" name="2" />
    <comppin designator="3" sympin="3" pinswap="0" gateswap="0" gate="1" group="1" side="" type="Any" name="3" />
    <comppin designator="4" sympin="4" pinswap="0" gateswap="0" gate="1" group="1" side="" type="Any" name="4" />
    <comppin designator="5" sympin="5" pinswap="0" gateswap="0" gate="1" group="1" side="" type="Any" name="MH1" />
    <comppin designator="6" sympin="6" pinswap="0" gateswap="0" gate="1" group="1" side="" type="Any" name="MH2" />
    <attached_symbol gate="1" name="USB1125-GF-B" />
    <pinmap designator="1" footprintpin="1" />
    <pinmap designator="2" footprintpin="2" />
    <pinmap designator="3" footprintpin="3" />
    <pinmap designator="4" footprintpin="4" />
    <pinmap designator="5" footprintpin="5" />
    <pinmap designator="6" footprintpin="6" />
    <text name="Datasheet" originx="0" originy="0" style="Default" rotation="0" justify="" flipped="False" hidden="True" data="https://gct.co/Files/Drawings/USB1125.pdf?v=4becdda1-cc62-4082-a121-52fbd8b9794d" />
    <text name="Description" originx="0" originy="0" style="Default" rotation="0" justify="" flipped="False" hidden="True" data="USB-A (USB TYPE-A) USB 2.0 Receptacle Connector 4 Position Through Hole, Right Angle" />
    <text name="Manufacturer_Name" originx="0" originy="0" style="Default" rotation="0" justify="" flipped="False" hidden="True" data="GCT (GLOBAL CONNECTOR TECHNOLOGY)" />
    <text name="Manufacturer_Part_Number" originx="750" originy="200" style="Default" rotation="0" justify="left" flipped="False" hidden="False" data="USB1125-GF-B" />
    <text name="Mouser Part Number" originx="0" originy="0" style="Default" rotation="0" justify="" flipped="False" hidden="True" data="640-USB1125-GF-B" />
    <text name="Mouser Price/Stock" originx="0" originy="0" style="Default" rotation="0" justify="" flipped="False" hidden="True" data="https://www.mouser.co.uk/ProductDetail/GCT/USB1125-GF-B?qs=KUoIvG%2F9IlbMrLtAEIp0gA%3D%3D" />
    <text name="Arrow Part Number" originx="0" originy="0" style="Default" rotation="0" justify="" flipped="False" hidden="True" data="" />
    <text name="Arrow Price/Stock" originx="0" originy="0" style="Default" rotation="0" justify="" flipped="False" hidden="True" data="" />
  </component>
</quadcept_library>
