<?xml version="1.0" encoding="utf-8"?>
<!--/234652/1862615/2.50/6/3/Connector/-->
<quadcept_library>
  <setting unit="mil" />
  <textstyle name="Default" height="47.244094488189" strokewidth="7.8740157480315" charwidth="47.244094488189" />
  <textstyle name="Dimension" height="19.6850393700787" strokewidth="0" charwidth="19.6850393700787" />
  <textstyle name="H127W0635TH00762" height="50" strokewidth="3" charwidth="25" />
  <textstyle name="H15W15TH02" height="59.0551181102362" strokewidth="7.8740157480315" charwidth="59.0551181102362" />
  <padstyle name="c143.1_h92" surface="False" plated="True" isvia="False" nopaste="True" nomask="True" complex="False" holesize="36.220472440944">
    <padshape layer="TOP" shape="round" width="56.338582677165" height="56.338582677165" />
    <padshape layer="TOP_SOLDER_MASK" shape="round" width="64.212598425196" height="64.212598425196" />
    <padshape layer="INNER" shape="round" width="56.338582677165" height="56.338582677165" />
    <padshape layer="BOTTOM" shape="round" width="56.338582677165" height="56.338582677165" />
    <padshape layer="BOTTOM_SOLDER_MASK" shape="round" width="64.212598425196" height="64.212598425196" />
  </padstyle>
  <padstyle name="s130_h92" surface="False" plated="True" isvia="False" nopaste="True" nomask="True" complex="False" holesize="36.220472440944">
    <padshape layer="TOP" shape="square" width="51.181102362204" height="51.181102362204" />
    <padshape layer="TOP_SOLDER_MASK" shape="square" width="59.055118110235" height="59.055118110235" />
    <padshape layer="INNER" shape="square" width="51.181102362204" height="51.181102362204" />
    <padshape layer="BOTTOM" shape="square" width="51.181102362204" height="51.181102362204" />
    <padshape layer="BOTTOM_SOLDER_MASK" shape="square" width="59.055118110235" height="59.055118110235" />
  </padstyle>
  <padstyle name="c380_h279" surface="False" plated="True" isvia="False" nopaste="True" nomask="True" complex="False" holesize="109.84251968504">
    <padshape layer="TOP" shape="round" width="149.6062992126" height="149.6062992126" />
    <padshape layer="TOP_SOLDER_MASK" shape="round" width="157.48031496063" height="157.48031496063" />
    <padshape layer="INNER" shape="round" width="149.6062992126" height="149.6062992126" />
    <padshape layer="BOTTOM" shape="round" width="149.6062992126" height="149.6062992126" />
    <padshape layer="BOTTOM_SOLDER_MASK" shape="round" width="157.48031496063" height="157.48031496063" />
  </padstyle>
  <padstyle name="c380_h269" surface="False" plated="True" isvia="False" nopaste="True" nomask="True" complex="False" holesize="105.90551181102">
    <padshape layer="TOP" shape="round" width="149.6062992126" height="149.6062992126" />
    <padshape layer="TOP_SOLDER_MASK" shape="round" width="157.48031496063" height="157.48031496063" />
    <padshape layer="INNER" shape="round" width="149.6062992126" height="149.6062992126" />
    <padshape layer="BOTTOM" shape="round" width="149.6062992126" height="149.6062992126" />
    <padshape layer="BOTTOM_SOLDER_MASK" shape="round" width="157.48031496063" height="157.48031496063" />
  </padstyle>
  <padstyle name="c55_h110" surface="False" plated="True" isvia="False" nopaste="True" nomask="True" complex="False" holesize="43.307086614173">
    <padshape layer="TOP" shape="round" width="21.653543307086" height="21.653543307086" />
    <padshape layer="TOP_SOLDER_MASK" shape="round" width="29.527559055118" height="29.527559055118" />
    <padshape layer="INNER" shape="round" width="21.653543307086" height="21.653543307086" />
    <padshape layer="BOTTOM" shape="round" width="21.653543307086" height="21.653543307086" />
    <padshape layer="BOTTOM_SOLDER_MASK" shape="round" width="29.527559055118" height="29.527559055118" />
  </padstyle>
  <footprint name="480370001" originx="0" originy="0" pickpointx="0" pickpointy="0">
    <pcbpin number="1" name="1" style="s130_h92" originx="0" originy="0" rotation="90" />
    <pcbpin number="2" name="2" style="c143.1_h92" originx="-98.425196850392" originy="0" rotation="90" />
    <pcbpin number="3" name="3" style="c143.1_h92" originx="-177.16535433071" originy="0" rotation="90" />
    <pcbpin number="4" name="4" style="c143.1_h92" originx="-275.5905511811" originy="0" rotation="90" />
    <pcbpin number="5" name="MH1" style="c380_h279" originx="86.614173228345" originy="-82.67716535433" rotation="90" />
    <pcbpin number="6" name="MH2" style="c380_h269" originx="-362.20472440944" originy="-82.67716535433" rotation="90" />
    <pcbpin number="7" name="MH3" style="c55_h110" originx="-49.212598425196" originy="-82.67716535433" rotation="90" />
    <pcbpin number="8" name="MH4" style="c55_h110" originx="-226.3779527559" originy="-82.67716535433" rotation="90" />
    <line layer="TOP_ASSEMBLY" originx="-374.01574803149" originy="-783.46456692912" endx="98.425196850392" endy="-783.46456692912" width="3.9370078740157" />
    <line layer="TOP_ASSEMBLY" originx="98.425196850392" originy="-783.46456692912" endx="98.425196850392" endy="-43.307086614173" width="3.9370078740157" />
    <line layer="TOP_ASSEMBLY" originx="98.425196850392" originy="-43.307086614173" endx="-374.01574803149" endy="-43.307086614173" width="3.9370078740157" />
    <line layer="TOP_ASSEMBLY" originx="-374.01574803149" originy="-43.307086614173" endx="-374.01574803149" endy="-783.46456692912" width="3.9370078740157" />
    <line layer="TOP_PLACE_BOUND" originx="-480.31496062992" originy="67.559055118109" endx="204.72440944882" endy="67.559055118109" width="3.9370078740157" />
    <line layer="TOP_PLACE_BOUND" originx="204.72440944882" originy="67.559055118109" endx="204.72440944882" endy="-822.83464566928" width="3.9370078740157" />
    <line layer="TOP_PLACE_BOUND" originx="204.72440944882" originy="-822.83464566928" endx="-480.31496062992" endy="-822.83464566928" width="3.9370078740157" />
    <line layer="TOP_PLACE_BOUND" originx="-480.31496062992" originy="-822.83464566928" endx="-480.31496062992" endy="67.559055118109" width="3.9370078740157" />
    <line layer="TOP_SILKSCREEN" originx="-374.01574803149" originy="-181.10236220472" endx="-374.01574803149" endy="-783.46456692912" width="7.8740157480314" />
    <line layer="TOP_SILKSCREEN" originx="-374.01574803149" originy="-783.46456692912" endx="98.425196850392" endy="-783.46456692912" width="7.8740157480314" />
    <line layer="TOP_SILKSCREEN" originx="98.425196850392" originy="-783.46456692912" endx="98.425196850392" endy="-181.10236220472" width="7.8740157480314" />
    <line layer="TOP_SILKSCREEN" originx="-267.71653543307" originy="-43.307086614173" endx="-7.8740157480314" endy="-43.307086614173" width="7.8740157480314" />
    <line layer="TOP_SILKSCREEN" originx="0" originy="47.244094488188" endx="0" endy="47.244094488188" width="3.9370078740157" />
    <arc layer="TOP_SILKSCREEN" originx="1.6391087961985E-15" originy="49.212598425196" startangle="-90.0" sweepangle="180.0" radius="1.9685039370079" width="3.9370078740157" />
    <line layer="TOP_SILKSCREEN" originx="0" originy="51.181102362204" endx="0" endy="51.181102362204" width="3.9370078740157" />
    <arc layer="TOP_SILKSCREEN" originx="1.6391087961985E-15" originy="49.212598425196" startangle="90.0" sweepangle="180.0" radius="1.9685039370079" width="3.9370078740157" />
  </footprint>
  <symbol name="48037-0001" originx="0" originy="0">
    <line originx="200" originy="100" endx="700" endy="100" width="0" />
    <line originx="700" originy="-400" endx="700" endy="100" width="0" />
    <line originx="700" originy="-400" endx="200" endy="-400" width="0" />
    <line originx="200" originy="100" endx="200" endy="-400" width="0" />
    <sympin number="1" originx="700" originy="-300" rotation="0" length="100" width="7.8740157480315" flipped="False">
      <text name="pinname" originx="670" originy="-300" style="Default" rotation="0" justify="right" flipped="False" hidden="False" data="1" />
      <text name="pindes" originx="760" originy="-280" style="Default" rotation="0" justify="lowerleft" flipped="False" hidden="False" data="1" />
    </sympin>
    <sympin number="2" originx="700" originy="-200" rotation="0" length="100" width="7.8740157480315" flipped="False">
      <text name="pinname" originx="670" originy="-200" style="Default" rotation="0" justify="right" flipped="False" hidden="False" data="2" />
      <text name="pindes" originx="760" originy="-180" style="Default" rotation="0" justify="lowerleft" flipped="False" hidden="False" data="2" />
    </sympin>
    <sympin number="3" originx="700" originy="-100" rotation="0" length="100" width="7.8740157480315" flipped="False">
      <text name="pinname" originx="670" originy="-100" style="Default" rotation="0" justify="right" flipped="False" hidden="False" data="3" />
      <text name="pindes" originx="760" originy="-80" style="Default" rotation="0" justify="lowerleft" flipped="False" hidden="False" data="3" />
    </sympin>
    <sympin number="4" originx="700" originy="0" rotation="0" length="100" width="7.8740157480315" flipped="False">
      <text name="pinname" originx="670" originy="0" style="Default" rotation="0" justify="right" flipped="False" hidden="False" data="4" />
      <text name="pindes" originx="760" originy="20" style="Default" rotation="0" justify="lowerleft" flipped="False" hidden="False" data="4" />
    </sympin>
    <sympin number="5" originx="200" originy="-100" rotation="180" length="100" width="7.8740157480315" flipped="False">
      <text name="pinname" originx="230" originy="-100" style="Default" rotation="0" justify="left" flipped="False" hidden="False" data="MH1" />
      <text name="pindes" originx="140" originy="-80" style="Default" rotation="0" justify="lowerright" flipped="False" hidden="False" data="MH1" />
    </sympin>
    <sympin number="6" originx="200" originy="0" rotation="180" length="100" width="7.8740157480315" flipped="False">
      <text name="pinname" originx="230" originy="0" style="Default" rotation="0" justify="left" flipped="False" hidden="False" data="MH2" />
      <text name="pindes" originx="140" originy="20" style="Default" rotation="0" justify="lowerright" flipped="False" hidden="False" data="MH2" />
    </sympin>
  </symbol>
  <component name="48037-0001" designatorprefix="J" height="181.10236220472" footprint="480370001">
    <comppin designator="1" sympin="1" pinswap="0" gateswap="0" gate="1" group="1" side="" type="Any" name="1" />
    <comppin designator="2" sympin="2" pinswap="0" gateswap="0" gate="1" group="1" side="" type="Any" name="2" />
    <comppin designator="3" sympin="3" pinswap="0" gateswap="0" gate="1" group="1" side="" type="Any" name="3" />
    <comppin designator="4" sympin="4" pinswap="0" gateswap="0" gate="1" group="1" side="" type="Any" name="4" />
    <comppin designator="MH1" sympin="5" pinswap="0" gateswap="0" gate="1" group="1" side="" type="Any" name="MH1" />
    <comppin designator="MH2" sympin="6" pinswap="0" gateswap="0" gate="1" group="1" side="" type="Any" name="MH2" />
    <attached_symbol gate="1" name="48037-0001" />
    <pinmap designator="1" footprintpin="1" />
    <pinmap designator="2" footprintpin="2" />
    <pinmap designator="3" footprintpin="3" />
    <pinmap designator="4" footprintpin="4" />
    <pinmap designator="MH1" footprintpin="5" />
    <pinmap designator="MH2" footprintpin="6" />
    <text name="Datasheet" originx="0" originy="0" style="Default" rotation="0" justify="" flipped="False" hidden="True" data="https://www.molex.com/pdm_docs/sd/480370001_sd.pdf" />
    <text name="Description" originx="0" originy="0" style="Default" rotation="0" justify="" flipped="False" hidden="True" data="USB Type A Plug Through Hole Right Angle Molex Male 1 Port Right Angle Through Hole Type A USB Connector, 150 V ac, 1.5A 48037" />
    <text name="Manufacturer_Name" originx="0" originy="0" style="Default" rotation="0" justify="" flipped="False" hidden="True" data="Molex" />
    <text name="Manufacturer_Part_Number" originx="750" originy="200" style="Default" rotation="0" justify="left" flipped="False" hidden="False" data="48037-0001" />
    <text name="Mouser Part Number" originx="0" originy="0" style="Default" rotation="0" justify="" flipped="False" hidden="True" data="538-48037-0001" />
    <text name="Mouser Price/Stock" originx="0" originy="0" style="Default" rotation="0" justify="" flipped="False" hidden="True" data="https://www.mouser.co.uk/ProductDetail/Molex/48037-0001?qs=c2CV6XM0Dwe0COJj0e1fzg%3D%3D" />
    <text name="Arrow Part Number" originx="0" originy="0" style="Default" rotation="0" justify="" flipped="False" hidden="True" data="" />
    <text name="Arrow Price/Stock" originx="0" originy="0" style="Default" rotation="0" justify="" flipped="False" hidden="True" data="" />
  </component>
</quadcept_library>
