<?xml version="1.0" encoding="utf-8"?>
<!--/1129960/1862615/2.50/4/4/Power Supply/-->
<quadcept_library>
  <setting unit="mil" />
  <textstyle name="Default" height="47.244094488189" strokewidth="7.8740157480315" charwidth="47.244094488189" />
  <textstyle name="Dimension" height="19.6850393700787" strokewidth="0" charwidth="19.6850393700787" />
  <textstyle name="H127W0635TH00762" height="50" strokewidth="3" charwidth="25" />
  <textstyle name="H15W15TH02" height="59.0551181102362" strokewidth="7.8740157480315" charwidth="59.0551181102362" />
  <padstyle name="c172.5_h115" surface="False" plated="True" isvia="False" nopaste="True" nomask="True" complex="False" holesize="45.275590551181">
    <padshape layer="TOP" shape="round" width="67.913385826771" height="67.913385826771" />
    <padshape layer="TOP_SOLDER_MASK" shape="round" width="75.787401574802" height="75.787401574802" />
    <padshape layer="INNER" shape="round" width="67.913385826771" height="67.913385826771" />
    <padshape layer="BOTTOM" shape="round" width="67.913385826771" height="67.913385826771" />
    <padshape layer="BOTTOM_SOLDER_MASK" shape="round" width="75.787401574802" height="75.787401574802" />
  </padstyle>
  <footprint name="RFM0505S" originx="0" originy="0" pickpointx="0" pickpointy="0">
    <pcbpin number="1" name="1" style="c172.5_h115" originx="0" originy="0" rotation="90" />
    <pcbpin number="2" name="2" style="c172.5_h115" originx="99.999999999999" originy="0" rotation="90" />
    <pcbpin number="3" name="3" style="c172.5_h115" originx="200" originy="0" rotation="90" />
    <pcbpin number="4" name="4" style="c172.5_h115" originx="300" originy="0" rotation="90" />
    <line layer="TOP_ASSEMBLY" originx="-74.803149606298" originy="187.00787401575" endx="377.95275590551" endy="187.00787401575" width="7.8740157480314" />
    <line layer="TOP_ASSEMBLY" originx="377.95275590551" originy="187.00787401575" endx="377.95275590551" endy="-49.212598425196" width="7.8740157480314" />
    <line layer="TOP_ASSEMBLY" originx="377.95275590551" originy="-49.212598425196" endx="-74.803149606298" endy="-49.212598425196" width="7.8740157480314" />
    <line layer="TOP_ASSEMBLY" originx="-74.803149606298" originy="-49.212598425196" endx="-74.803149606298" endy="187.00787401575" width="7.8740157480314" />
    <line layer="TOP_SILKSCREEN" originx="-74.803149606298" originy="187.00787401575" endx="377.95275590551" endy="187.00787401575" width="3.9370078740157" />
    <line layer="TOP_SILKSCREEN" originx="377.95275590551" originy="187.00787401575" endx="377.95275590551" endy="-49.212598425196" width="3.9370078740157" />
    <line layer="TOP_SILKSCREEN" originx="377.95275590551" originy="-49.212598425196" endx="-74.803149606298" endy="-49.212598425196" width="3.9370078740157" />
    <line layer="TOP_SILKSCREEN" originx="-74.803149606298" originy="-49.212598425196" endx="-74.803149606298" endy="187.00787401575" width="3.9370078740157" />
    <line layer="TOP_PLACE_BOUND" originx="-115.74803149606" originy="226.3779527559" endx="415.74803149606" endy="226.3779527559" width="3.9370078740157" />
    <line layer="TOP_PLACE_BOUND" originx="415.74803149606" originy="226.3779527559" endx="415.74803149606" endy="-112.20472440945" width="3.9370078740157" />
    <line layer="TOP_PLACE_BOUND" originx="415.74803149606" originy="-112.20472440945" endx="-115.74803149606" endy="-112.20472440945" width="3.9370078740157" />
    <line layer="TOP_PLACE_BOUND" originx="-115.74803149606" originy="-112.20472440945" endx="-115.74803149606" endy="226.3779527559" width="3.9370078740157" />
    <line layer="TOP_SILKSCREEN" originx="-15.748031496063" originy="-70.866141732283" endx="-15.748031496063" endy="-70.866141732283" width="3.9370078740157" />
    <arc layer="TOP_SILKSCREEN" originx="-13.779527559055" originy="-70.866141732283" startangle="180.0" sweepangle="180.0" radius="1.9685039370079" width="3.9370078740157" />
    <line layer="TOP_SILKSCREEN" originx="-11.811023622047" originy="-70.866141732283" endx="-11.811023622047" endy="-70.866141732283" width="3.9370078740157" />
    <arc layer="TOP_SILKSCREEN" originx="-13.779527559055" originy="-70.866141732283" startangle=".0" sweepangle="180.0" radius="1.9685039370079" width="3.9370078740157" />
  </footprint>
  <symbol name="RFM-0505S" originx="0" originy="0">
    <line originx="200" originy="100" endx="800" endy="100" width="0" />
    <line originx="800" originy="-400" endx="800" endy="100" width="0" />
    <line originx="800" originy="-400" endx="200" endy="-400" width="0" />
    <line originx="200" originy="100" endx="200" endy="-400" width="0" />
    <sympin number="1" originx="200" originy="0" rotation="180" length="100" width="7.8740157480315" flipped="False">
      <text name="pinname" originx="230" originy="0" style="Default" rotation="0" justify="left" flipped="False" hidden="False" data="-VIN" />
      <text name="pindes" originx="140" originy="20" style="Default" rotation="0" justify="lowerright" flipped="False" hidden="False" data="1" />
    </sympin>
    <sympin number="2" originx="200" originy="-100" rotation="180" length="100" width="7.8740157480315" flipped="False">
      <text name="pinname" originx="230" originy="-100" style="Default" rotation="0" justify="left" flipped="False" hidden="False" data="+VIN" />
      <text name="pindes" originx="140" originy="-80" style="Default" rotation="0" justify="lowerright" flipped="False" hidden="False" data="2" />
    </sympin>
    <sympin number="3" originx="200" originy="-200" rotation="180" length="100" width="7.8740157480315" flipped="False">
      <text name="pinname" originx="230" originy="-200" style="Default" rotation="0" justify="left" flipped="False" hidden="False" data="-VOUT" />
      <text name="pindes" originx="140" originy="-180" style="Default" rotation="0" justify="lowerright" flipped="False" hidden="False" data="3" />
    </sympin>
    <sympin number="4" originx="200" originy="-300" rotation="180" length="100" width="7.8740157480315" flipped="False">
      <text name="pinname" originx="230" originy="-300" style="Default" rotation="0" justify="left" flipped="False" hidden="False" data="+VOUT" />
      <text name="pindes" originx="140" originy="-280" style="Default" rotation="0" justify="lowerright" flipped="False" hidden="False" data="4" />
    </sympin>
  </symbol>
  <component name="RFM-0505S" designatorprefix="PS" height="413.38582677165" footprint="RFM0505S">
    <comppin designator="1" sympin="1" pinswap="0" gateswap="0" gate="1" group="1" side="" type="Any" name="-VIN" />
    <comppin designator="2" sympin="2" pinswap="0" gateswap="0" gate="1" group="1" side="" type="Any" name="+VIN" />
    <comppin designator="3" sympin="3" pinswap="0" gateswap="0" gate="1" group="1" side="" type="Any" name="-VOUT" />
    <comppin designator="4" sympin="4" pinswap="0" gateswap="0" gate="1" group="1" side="" type="Any" name="+VOUT" />
    <attached_symbol gate="1" name="RFM-0505S" />
    <pinmap designator="1" footprintpin="1" />
    <pinmap designator="2" footprintpin="2" />
    <pinmap designator="3" footprintpin="3" />
    <pinmap designator="4" footprintpin="4" />
    <text name="Datasheet" originx="0" originy="0" style="Default" rotation="0" justify="" flipped="False" hidden="True" data="https://www.recom-power.com/pdf/Econoline/RFM.pdf" />
    <text name="Description" originx="0" originy="0" style="Default" rotation="0" justify="" flipped="False" hidden="True" data="RECOM POWER - RFM-0505S - DC-DC CONVERTER, 5V, 0.2A" />
    <text name="Manufacturer_Name" originx="0" originy="0" style="Default" rotation="0" justify="" flipped="False" hidden="True" data="RECOM Power" />
    <text name="Manufacturer_Part_Number" originx="850" originy="200" style="Default" rotation="0" justify="left" flipped="False" hidden="False" data="RFM-0505S" />
    <text name="Mouser Part Number" originx="0" originy="0" style="Default" rotation="0" justify="" flipped="False" hidden="True" data="919-RFM-0505S" />
    <text name="Mouser Price/Stock" originx="0" originy="0" style="Default" rotation="0" justify="" flipped="False" hidden="True" data="https://www.mouser.co.uk/ProductDetail/RECOM-Power/RFM-0505S?qs=lYGu3FyN48dRVYKTH5ipqg%3D%3D" />
    <text name="Arrow Part Number" originx="0" originy="0" style="Default" rotation="0" justify="" flipped="False" hidden="True" data="RFM-0505S" />
    <text name="Arrow Price/Stock" originx="0" originy="0" style="Default" rotation="0" justify="" flipped="False" hidden="True" data="https://www.arrow.com/en/products/rfm-0505s/recom-power?utm_currency=USD&amp;region=nac" />
  </component>
</quadcept_library>
